post_id,archetype,published_at,impressions,likes,replies,reposts,follows,like_rate,engagement_rate,impact_score,score_p10,score_p50,score_p90,audience_fit,niche_index,profile_impact,inference_path,length_baseline,keyword_promo_baseline,random_baseline,pred_impact_tertile,obs_impression_tertile
syn-tech-01,shipping,2026-06-03T14:12:00Z,14280.0,412.0,47.0,88.0,29.0,0.028852,0.038305,53.9,53.5,54.1,55.9,37.0,36.8,83.0,heuristic+prior-map,23.0,10.575,0.672422,mid,high
syn-tech-02,benchmark,2026-06-08T16:40:00Z,11840.0,356.0,39.0,71.0,21.0,0.030068,0.039358,54.3,53.7,54.6,56.1,37.0,36.8,83.8,heuristic+prior-map,22.0,2.55,0.903917,high,high
syn-tech-03,opensource,2026-06-12T13:05:00Z,9640.0,287.0,33.0,64.0,18.0,0.029772,0.039834,52.4,50.4,51.6,52.6,37.0,36.8,80.0,heuristic+prior-map,25.0,4.625,0.555273,low,high
syn-tech-04,postmortem,2026-06-18T11:22:00Z,8750.0,241.0,62.0,55.0,14.0,0.027543,0.040914,53.3,51.2,53.0,54.1,37.1,36.9,81.8,heuristic+prior-map,31.0,4.775,0.116178,low,high
syn-tech-05,security,2026-06-23T09:18:00Z,7320.0,198.0,28.0,41.0,11.0,0.027049,0.036475,54.2,52.2,54.4,55.5,37.0,36.8,83.6,heuristic+prior-map,30.0,2.75,0.212458,high,mid
syn-tech-06,tutorial,2026-06-27T15:50:00Z,6180.0,176.0,22.0,31.0,9.0,0.028479,0.037055,54.4,51.5,54.8,56.5,37.0,36.8,84.0,heuristic+prior-map,23.0,2.575,0.031214,high,mid
syn-tech-07,question,2026-07-02T17:05:00Z,5410.0,94.0,71.0,18.0,7.0,0.017375,0.033826,53.9,52.9,53.9,54.8,37.0,36.8,83.0,heuristic+prior-map,25.0,7.625,0.171087,mid,mid
syn-tech-08,comparison,2026-07-07T14:33:00Z,4890.0,132.0,41.0,19.0,6.0,0.026994,0.039264,54.3,52.3,54.5,55.2,37.0,36.8,83.8,heuristic+prior-map,28.0,6.7,0.878451,high,mid
syn-tech-09,rust,2026-07-11T19:10:00Z,8060.0,263.0,24.0,47.0,16.0,0.03263,0.041439,53.6,52.6,53.5,54.7,37.1,36.9,82.4,heuristic+prior-map,31.0,6.775,0.104609,mid,high
syn-tech-10,unpopular-opinion,2026-07-15T12:44:00Z,16320.0,501.0,186.0,94.0,22.0,0.030699,0.047855,54.0,53.1,54.1,54.7,37.0,36.8,83.2,heuristic+prior-map,24.0,4.6,0.798301,high,high
syn-tech-11,architecture,2026-07-20T13:28:00Z,3920.0,121.0,17.0,22.0,8.0,0.030867,0.040816,53.9,53.4,53.8,55.8,38.3,38.2,83.0,heuristic+prior-map,22.0,0.55,0.482608,mid,mid
syn-tech-12,weekend-project,2026-07-26T18:02:00Z,2740.0,88.0,14.0,11.0,4.0,0.032117,0.041241,54.1,53.2,54.3,55.1,37.0,36.8,83.4,heuristic+prior-map,21.0,0.525,0.776303,high,low
syn-tech-13,hiring,2026-07-30T15:16:00Z,2210.0,41.0,19.0,6.0,3.0,0.018552,0.029864,53.6,52.3,53.5,54.4,37.0,36.8,82.4,heuristic+prior-map,24.0,4.6,0.185354,mid,low
syn-tech-14,changelog,2026-08-04T10:07:00Z,1980.0,67.0,8.0,9.0,5.0,0.033838,0.042424,53.3,51.1,53.1,55.2,37.0,36.8,81.8,heuristic+prior-map,25.0,2.625,0.493424,low,low
syn-tech-15,tool-reco,2026-08-09T16:21:00Z,4560.0,154.0,16.0,27.0,8.0,0.033772,0.043202,54.7,53.8,55.2,56.3,37.0,36.8,84.6,heuristic+prior-map,22.0,6.55,0.732322,high,mid
syn-tech-16,vague,2026-08-13T20:45:00Z,860.0,11.0,2.0,0.0,0.0,0.012791,0.015116,54.0,52.3,54.3,55.3,36.9,36.7,83.2,heuristic+prior-map,16.0,0.4,0.245807,high,low
syn-tech-17,low-info,2026-08-14T07:03:00Z,240.0,6.0,1.0,0.0,0.0,0.025,0.029167,38.2,37.7,38.2,38.6,36.7,36.5,51.6,heuristic+prior-map,2.0,0.05,0.967604,low,low
syn-tech-18,promo-hard,2026-08-18T13:55:00Z,410.0,4.0,3.0,0.0,1.0,0.009756,0.017073,49.8,47.7,50.0,51.5,36.9,23.8,74.8,heuristic+prior-map,15.0,-29.625,0.836719,low,low
syn-tech-19,promo-soft,2026-08-21T15:30:00Z,1280.0,19.0,7.0,2.0,2.0,0.014844,0.021875,51.2,50.4,51.1,51.9,39.6,31.3,77.6,heuristic+prior-map,17.0,-23.575,0.16817,low,low
syn-tech-20,thread-educational,2026-08-25T14:08:00Z,3370.0,109.0,21.0,16.0,7.0,0.032344,0.043323,53.5,52.3,53.5,54.6,37.1,36.9,82.2,heuristic+prior-map,37.0,-0.075,0.460248,mid,mid
syn-tech-21,hot-take,2026-08-29T21:17:00Z,12110.0,388.0,142.0,76.0,15.0,0.03204,0.050041,53.4,52.2,53.3,54.2,37.0,36.8,82.0,heuristic+prior-map,23.0,4.575,0.902287,mid,high
syn-tech-22,repro-failure,2026-09-03T12:26:00Z,10140.0,319.0,54.0,61.0,13.0,0.03146,0.042801,53.2,51.9,52.9,55.4,37.1,36.9,81.6,heuristic+prior-map,27.0,8.675,0.7332,low,high
syn-tech-23,off-hours-bland,2026-09-07T03:41:00Z,520.0,8.0,0.0,0.0,0.0,0.015385,0.015385,48.1,47.2,48.0,49.0,36.8,36.6,71.4,heuristic+prior-map,8.0,0.2,0.70594,low,low
syn-tech-24,concrete-tip,2026-09-11T14:59:00Z,5680.0,172.0,19.0,29.0,10.0,0.030282,0.038732,53.3,52.3,53.0,55.1,37.0,36.8,81.8,heuristic+prior-map,24.0,4.6,0.461031,low,mid
